INSERT INTO users (name, email, password, role, avatar) VALUES 
  ('Admin', 'admin@yandex.ru', '$2a$10$NN9YDCE77tR/BhahmtwoWOcpC9zjs3InRrtQamBzqBQvN0YgR3U3q', 2, NULL),
  ('User 1', 'user1@yandex.ru', '$2a$10$H3RLgGWd6I872d1JTPiEXOyuL3x6SyfdvMoAEPQaGCupbZPuvJs6a', 1, 'files/avatar-1.jpg'),
  ('User 2', 'user2@yandex.ru', '$2a$10$DQnNxoRFOV2PEfKTMj5Y0uOSKwaLDu4PShMnIoVRTgnRlI.EJJ87y', 1, 'files/avatar-2.jpg'),
  ('User 3', 'user3@yandex.ru', '$2a$10$2hXFbpNkU4Zc7Q4hOUf/7Oa0IsKyaonQA.baVa24yt9DV3rUk.Um6', 1, 'files/avatar-3.jpg'),
  ('User 4', 'user4@yandex.ru', '$2a$10$V4iRIco2MBZzmlbSbrZzwuahAq3uTr9MG556jwzk2yDhDD0c4WicG', 1, 'files/avatar-4.jpg'),
  ('User 5', 'user5@yandex.ru', '$2a$10$kbjg4vTm6WBU73iR9T7KNeXdKps9OcxBqx21Z9kLkE3D4HLsdS6xu', 1, NULL);

INSERT INTO channels (id, title, status, logo, description) VALUES 
  (1, 'Рэп музыка', 1, 'files/logo1.jpg', 'Рэп или исполнение рэпа (англ. rap, rapping), также известное как рифмование (rhyming), фристайл (freestyling, или в просторечии spitting)[1], эмсиинг (emceeing)[2] или MC’инг (MCing, M.C.’ing)[2][3] — музыкальная форма вокальной подачи, включающая в себя «рифму, ритмичную речь и уличный жаргон»[4], которая исполняется или произносится нараспев различными способами, как правило, под фоновый бит или музыкальный аккомпанемент[4]. Компоненты рэпа включают в себя «содержание» (то, что говорится), «флоу» (ритм, рифма) и «подачу» (каденция, тон)[5]. Рэп отличается от устной поэзии тем, что обычно исполняется в свободное время под музыкальное сопровождение[6]. Рэп — основной элемент хип-хоп-музыки, обычно ассоциируется именно с этим жанром и даже служит его метонимией; однако истоки рэпа на много лет предшествовали появлению хип-хоп-культуры.'),
  (2, 'Русский рок', 1, 'files/logo2.jpg', 'Рок-музыка (англ. Rock music) — обобщающее название ряда направлений популярной музыки. Слово rock (в переводе с английского «качать», «укачивать», «качаться») в данном случае указывает на характерные для этих направлений ритмические ощущения, связанные с определённой формой движения, по аналогии с roll, twist, swing, shake…\nРок-музыка имеет самое большое количество направлений (около 180): от достаточно «лёгких», таких как танцевальный рок-н-ролл, поп-рок, мерсибит, до агрессивных — хэви-метала, глэм-метала, трэш-метала, блэк-метала и брутальных дэт-метала, грайндкора. '),
  (3, 'Шансон', 1, 'files/logo3.jpg', 'Шансо́н (фр. chanson — песня) — французская эстрадная песня в стиле кабаре.\nЖанры шансона использовали певцы французских кабаре в конце XIX века — первой половине XX века. Наиболее известными из них являются Аристид Брюан, Мистингетт. Из кабаре данная модификация шансона перешла во французскую эстрадную музыку XX века.\nВ 1950-х годах оформились два главных направления оригинальной франкоязычной песни, существующие до настоящего времени:\n    Классический шансон, где первостепенное значение придается поэтической компоненте песни и автор, как правило, сам является исполнителем. Этот жанр связывается в первую очередь с именами Мориса Шевалье, Шарля Трене и Эдит Пиаф, которая продолжала традицию реалистической песни.\n    «Новый шансон», где используются новейшие приёмы современной легкой музыки, но по-прежнему очень требовательно относятся к текстам своих песен. Начало «нового шансона» связывают с именем Доминика А и относят к последнему десятилетию XX века.'),
  (4, 'Поп музыка', 1, 'files/logo4.jpg', 'Впервые термин «pop song» в английском языке прозвучал ещё в 1926 году, однако корни поп-музыки уходят в историю глубже. Непосредственным предшественником поп-музыки была народная музыка, а также более поздние уличные романсы и баллады.\nСовременная поп-музыка формировалась параллельно с другими жанрами, такими как рок-музыка, и не всегда была отделима от них. В 1950-е и 1960-е её наиболее типичной формой был т. н. «традиционный поп» (traditional pop), который в СССР было принято называть «эстрадная музыка», «эстрада». Традиционный поп исполняется певцом-солистом под фоновый аккомпанемент. В США эстрада была тесно связана с джазом (Фрэнк Синатра), во Франции — с шансоном. Аналогичные исполнители были популярны и в СССР — Леонид Утёсов, Клавдия Шульженко, Марк Бернес, Владимир Трошин. Значительную часть поп-музыкальной сцены США составляют чернокожие исполнители в жанре соул.\nНастоящим прорывом в поп-музыке стало появление в 1970-е стиля «диско» (евродиско) и таких групп, как ABBA, Boney M, Dschinghis Khan, Bee Gees. Поп-музыка отныне вытесняет рок-н-ролл в качестве основной танцевальной музыки на дискотеках, и с этого времени танцевальная музыка (dance music) является одним из основных направлений в поп-музыке.'),
  (5, 'Русские народные песни', 1, 'files/logo5.jpg', 'Русская народная песня — фольклорное произведение, которое сохраняется в народной памяти и передаётся в устной форме, продукт коллективного устного творчества русского народа. Относится к народному искусству.\nЧаще всего у народной песни нет определённого автора, или автор неизвестен, но известны и народные песни литературного происхождения. Существенная черта большинства жанров русской народной песни — непосредственная связь народной песни с бытом и трудовой деятельностью (например, песни трудовые, сопровождающие различные виды труда — бурлацкие, покосные, прополочные, жатвенные, молотильные и др.), обрядовые, сопровождающие земледельческие и семейные обряды и празднества, — колядки, масленичные, веснянки, купальские, свадебные, похоронные, игровые, календарные и т. п.). ');

INSERT INTO tracks (id, title, perfomancer, year, audio) VALUES
  (1, 'Lose Yourself', 'Eminem', 2002, 'files/1.ogg'),
  (2, 'Беспечный ангел', 'Ария', 2004, 'files/2.ogg'),
  (3, 'Владимирский централ', 'Михаил круг', 1998, 'files/3.ogg'),
  (4, 'VICIOUS', 'Thomas Day', 2023, 'files/4.ogg'),
  (5, 'Шел казак на побывку домой', 'Пелагея', 2014, 'files/5.ogg');

INSERT INTO schedule (channelid, trackid, startdate, enddate) VALUES
  (1, 1, NOW(), NOW() + interval '1' day),
  (2, 2, NOW(), NOW() + interval '1' day),
  (3, 3, NOW(), NOW() + interval '1' day),
  (4, 4, NOW(), NOW() + interval '1' day),
  (5, 5, NOW(), NOW() + interval '1' day);
